2026-05-31 22:08:41.167812,deep learning
2026-05-31 22:08:49.625002,machine learning
2026-05-31 22:08:56.653238,semantic search
2026-05-31 23:35:32.270064,deep learning
2026-05-31 23:41:12.648957,deep learning
2026-05-31 23:41:25.265817,deep learning
2026-06-03 16:23:25.896461,deep learning
2026-06-03 16:24:33.049964,deep learning
2026-06-03 16:29:08.687399,deep learning
2026-06-03 16:34:06.115370,deep learning
2026-06-03 17:11:59.116484,deep learning
2026-06-03 17:30:19.127026,deep learning
2026-06-03 17:48:11.960744,deep learning tutorial
2026-06-03 17:55:01.588692,deep learning projects
2026-06-03 21:40:23.882160,deep learning tutorial
2026-06-03 21:47:13.565712,deep learning
2026-06-03 21:47:22.344124,machine learning
2026-06-03 21:50:40.653078,deep learning tutorial
2026-06-03 21:56:03.501728,deep learning tutorial
2026-06-03 21:59:05.622805,deep learning
2026-06-03 21:59:18.469650,deep learning
2026-06-03 21:59:19.155494,deep learning
2026-06-03 22:02:50.831635,deep learning
2026-06-04 19:27:43.843962,deep learning
2026-06-04 19:38:14.093035,deep learning tutorial
2026-06-04 22:51:50.386739,machine learning roadmap
2026-06-04 22:52:03.337204,hello
2026-06-04 22:52:07.665807,hello
2026-06-04 22:52:07.860895,hello
2026-06-04 22:52:07.954622,hello
2026-06-04 22:52:08.111547,hello
2026-06-04 22:52:08.231979,hello
2026-06-04 22:52:08.382204,hello
2026-06-04 22:52:09.041199,hello
2026-06-04 22:52:09.325579,hello
2026-06-04 22:52:09.419591,hello
2026-06-04 22:52:09.704462,hello
2026-06-04 22:52:09.989916,hello
2026-06-04 22:52:10.167747,hello
2026-06-04 22:52:10.979933,hello
2026-06-04 22:52:11.142584,hello
2026-06-04 22:52:11.207481,hello
2026-06-04 22:52:11.417945,hello
2026-06-04 22:52:11.807219,hello
2026-06-04 22:52:11.925970,hello
2026-06-04 22:52:12.195779,hello
2026-06-04 22:52:12.564341,hello
2026-06-04 22:52:12.569016,hello
2026-06-04 22:52:12.823359,hello
2026-06-04 22:52:12.990280,hello
2026-06-04 22:52:13.176053,hello
2026-06-04 22:52:13.997326,hello
2026-06-04 22:52:14.128999,hello
2026-06-04 22:52:14.164358,hello
2026-06-04 22:52:14.349875,hello
2026-06-04 22:52:14.649255,hello
2026-06-04 22:52:14.663778,hello
2026-06-04 22:52:15.448443,hello
2026-06-04 22:52:15.567610,hello
2026-06-04 22:52:15.804625,hello
2026-06-04 22:52:15.826086,hello
2026-06-04 22:52:16.204182,hello
2026-06-04 22:52:16.305788,hello
2026-06-04 22:57:48.571312,krishika sahni
2026-06-04 22:57:50.598329,krishika sahni
2026-06-04 22:57:50.747633,krishika sahni
2026-06-04 22:57:50.899647,krishika sahni
2026-06-04 22:57:51.070131,krishika sahni
2026-06-04 22:57:51.291428,krishika sahni
2026-06-04 22:57:51.400091,krishika sahni
2026-06-04 22:57:51.480059,krishika sahni
2026-06-04 23:47:05.412295,dee
2026-06-05 01:07:20.522260,deep learning
2026-06-05 01:51:03.842822,deep learning
2026-06-05 01:51:17.814968,hi
